{"cameraMode":{"drawMode":0,"name":"Shaded","section":"Shading Mode"},"sceneLighting":true,"audioPlay":false,"sceneViewState":{"showFog":true,"showMaterialUpdate":false,"showSkybox":true,"showFlares":true,"showImageEffects":true,"showParticleSystems":true},"in2DMode":false,"pivot":{"x":-6.936054706573486,"y":5.080146789550781,"z":31.59490394592285},"rotation":{"x":-0.33039146661758425,"y":0.14279720187187196,"z":-0.05064281448721886,"w":-0.9316035509109497},"size":1.2246195077896119,"orthographic":false}